{"cameraMode":{"drawMode":0,"name":"Shaded","section":"Shading Mode"},"sceneLighting":true,"audioPlay":false,"sceneViewState":{"m_AlwaysRefresh":false,"showFog":true,"showSkybox":true,"showFlares":true,"showImageEffects":true,"showParticleSystems":true,"showVisualEffectGraphs":true,"m_FxEnabled":true},"in2DMode":false,"pivot":{"x":-14.34099006652832,"y":103.54846954345703,"z":-417.4076843261719},"rotation":{"x":0.024233538657426835,"y":0.07820666581392288,"z":-0.0018996285507455469,"w":0.9966485500335693},"size":241.39694213867188,"orthographic":false}