{"cameraMode":{"drawMode":0,"name":"Shaded","section":"Shading Mode"},"sceneLighting":false,"audioPlay":false,"sceneViewState":{"m_AlwaysRefresh":false,"showFog":true,"showSkybox":false,"showFlares":true,"showImageEffects":true,"showParticleSystems":true,"showVisualEffectGraphs":true,"m_FxEnabled":true},"in2DMode":false,"pivot":{"x":-7.450580596923828e-9,"y":0.2553628385066986,"z":0.06853707134723664},"rotation":{"x":-0.3228774964809418,"y":0.014761318452656269,"z":-0.00503632053732872,"w":-0.946312427520752},"size":2.2243080139160158,"orthographic":false}